Name,Agency,Level,State/Municipality,Domain,URL,API/Docs,Access Method,Formats,Granularity,Temporal Coverage,Update Frequency,What You Can Get,License/Terms,Auth Required,Limitations,Venture Relevance,Last Verified
Portal Brasileiro de Dados Abertos (dados.gov.br),CGU / MGI,Federal,-,Meta-catalog,https://dados.gov.br/,https://dados.gov.br/swagger-ui/index.html,API + web query + bulk download,"JSON, CSV, XML, ZIP",varies (catalog of catalogs),ongoing,continuous,"Master federal catalog: search/list datasets, organizations, tags across all federal bodies (CKAN). Best single entry point to discover any federal dataset.","Open (Decreto 8.777/2016, LAI)",Free token for API,Indexes metadata; data lives on agency portals. Coverage uneven by agency.,General/Infra,2026-06-25
Base dos Dados (BD),Base dos Dados (NGO),Federal,-,Meta-catalog / treated datalake,https://basedosdados.org/,https://basedosdados.org/docs/home,BigQuery SQL + Python/R/Stata pkgs + CSV download,"BigQuery, CSV, dataframes",varies (municipal to microdata),varies,varies (many auto-updated),"Hundreds of cleaned, cross-joinable public datasets (IBGE, RAIS, Comex, SIM, PIB) in one datalake with consistent municipality keys. Massively cuts ETL time.",Open data; pkg MIT,Free Google Cloud project (1TB/mo free),Mirror not primary; not all official tables present; >1TB/mo query incurs Google cost.,General/Infra,2026-06-25
IPEAdata,IPEA,Federal,-,Macroeconomy / regional / social series,http://www.ipeadata.gov.br/,http://www.ipeadata.gov.br/api/odata4/ (OData v4); R ipeadatar; Python ipeadatapy,API (OData) + R/Python pkgs + web query,"JSON, CSV, XLS",national / state / municipal,1940 -> present,daily/monthly/quarterly/annual,"Thousands of macro, regional and social time series (GDP & state GDP, IPCA, IGP, FX, Gini, poverty) curated from primary sources, queryable by code.",Public domain,None,Aggregates multiple primary sources; some series lag. Always cite original source for audits.,Market-entry/Demographics,2026-06-25
Portal da Transparência (Federal),CGU,Federal,-,Gov finance & transparency,https://portaldatransparencia.gov.br/,https://api.portaldatransparencia.gov.br/,API (REST) + bulk CSV,"JSON (API), CSV (bulk)",transaction / individual / program,2013 -> present (varies),daily/monthly,"Federal expenses, revenue, transfers (incl. to municipalities), servant salaries, sanctioned firms (CEIS/CNEP), social benefits, corporate cards, emendas.",ODbL / free use,Free email -> API token,API rate-limited; for large volumes use bulk CSV.,SME/fintech,2026-06-25
SICONFI,Tesouro Nacional (STN),Federal,-,Gov finance (states & municipalities),https://siconfi.tesouro.gov.br/,http://apidatalake.tesouro.gov.br/docs/siconfi/,API (REST) + web query + download,"JSON, CSV, XLSX","every state, DF & municipality",2013 -> present,bimonthly/quadrimestral/annual,"Accounting & fiscal reports (RREO, RGF, DCA) + Matriz de Saldos Contabeis for all 5,570 municipalities + states: revenue, expense, debt, by entity/period.",Public domain / CC BY 3.0,None,Self-reported; gaps where entities don't submit; retroactive revisions common.,Market-entry/Demographics,2026-06-25
Tesouro Transparente,Tesouro Nacional,Federal,-,Gov finance / debt / costs,https://www.tesourotransparente.gov.br/,apidatalake.tesouro.gov.br (CKAN); Custos API; SICONFI API,API + dashboards + download,"JSON, CSV, XLS",União / entity / program / series,varies; 2002+ (Tesouro Direto),daily/monthly/annual,"Budget execution dashboards, public debt, Tesouro Direto bond prices/yields, federal cost system (SIC), fiscal statistics.",Open,None,Some panels aggregated; for rawer structured data use SICONFI.,SME/fintech,2026-06-25
TransfereGov / Transferências Abertas,MGI,Federal,-,Voluntary transfers / agreements,https://transferenciasabertas.transferegov.sistema.gov.br/,API de dados abertos,API + dashboards + download,"JSON, CSV",agreement / proponent / municipality / program,2008 -> present,daily/continuous,"Federal voluntary transfers, convênios, contratos de repasse to states/municipalities/NGOs: values, status, executors.",CC BY 4.0,None,Legacy Siconv vs modern contracts need manual entity joins. Link check 2026-07-01: automated checker returned 403/timeout/fetch error; manual browser verification recommended before production use.,SME/fintech,2026-06-25
Siga Brasil,Senado Federal,Federal,-,Federal budget,https://www12.senado.leg.br/orcamento/sigabrasil,web panels; some API,interactive query + panels,"web, XLS, CSV",budget line / program / organ,multi-year,per execution,Full federal budget (LOA): authorization vs execution by organ/function/program/action; emendas parlamentares.,Open,None,Interface heavy; learning curve.,General/Infra,2026-06-25
Portal da Transparência - Acre,Governo do Acre,State,AC,Gov finance & transparency,https://transparencia.ac.gov.br/,mostly no public API (scrape/export),web query + export,"HTML, CSV, XLSX, PDF",department / transaction / employee,~2010s -> present,daily/frequent,"Receitas, despesas, convênios, contratos, servidores, repasses a municípios.",open license stated in portal,None,Most lack programmatic API; export format varies by module.,Market-entry/Demographics,2026-06-25
Portal da Transparência - Alagoas,Governo de Alagoas,State,AL,Gov finance & transparency,https://transparencia.al.gov.br/,mostly no public API (scrape/export),web query + export,"HTML, CSV, XLSX, PDF",department / transaction / employee,~2010s -> present,daily/frequent,"Orçamento, receitas, despesas, repasses, pessoal, licitações, patrimônio, convênios. Has API/WebService.",Open,None,Most lack programmatic API; export format varies by module.,Market-entry/Demographics,2026-06-25
Portal da Transparência - Amapá,Governo do Amapá,State,AP,Gov finance & transparency,https://www.transparencia.ap.gov.br/,mostly no public API (scrape/export),web query + export,"HTML, CSV, XLSX, PDF",department / transaction / employee,~2010s -> present,daily/frequent,"Despesas, pessoal, emendas, áreas setoriais do Executivo.",Open,None,Most lack programmatic API; export format varies by module. Link check 2026-07-01: automated checker returned 403/timeout/fetch error; manual browser verification recommended before production use.,Market-entry/Demographics,2026-06-25
Portal da Transparência - Amazonas,Governo do Amazonas,State,AM,Gov finance & transparency,https://www.transparencia.am.gov.br/,mostly no public API (scrape/export),web query + export,"HTML, CSV, XLSX, PDF",department / transaction / employee,~2010s -> present,daily/frequent,"Execução orçamentária/financeira, pagamentos por credor, pessoal. (2026 payroll inconsistency notice.)",Open,None,Most lack programmatic API; export format varies by module.,Market-entry/Demographics,2026-06-25
Portal da Transparência - Bahia,SEFAZ-BA / CGE-BA,State,BA,Gov finance & transparency,https://www.transparencia.ba.gov.br/,mostly no public API (scrape/export),web query + export,"HTML, CSV, XLSX, PDF",department / transaction / employee,~2010s -> present,daily/frequent,"Execução financeira, pagamentos, licitações, contratos, pessoal. Pair with dados.ba.gov.br.",Open,None,Most lack programmatic API; export format varies by module.,Market-entry/Demographics,2026-06-25
Portal da Transparência - Ceará,Governo do Ceará,State,CE,Gov finance & transparency,https://www.cearatransparente.ce.gov.br/,mostly no public API (scrape/export),web query + export,"HTML, CSV, XLSX, PDF",department / transaction / employee,~2010s -> present,daily/frequent,"Programas, receita, despesa, servidores; cidadão chatbot.",Open,None,Most lack programmatic API; export format varies by module.,Market-entry/Demographics,2026-06-25
Portal da Transparência - Distrito Federal,GDF,State,DF,Gov finance & transparency,https://www.transparencia.df.gov.br/,mostly no public API (scrape/export),web query + export,"HTML, CSV, XLSX, PDF",department / transaction / employee,~2010s -> present,daily/frequent,"Arrecadação, gastos, remuneração, programas sociais.",Open,None,Most lack programmatic API; export format varies by module.,Market-entry/Demographics,2026-06-25
Portal da Transparência - Espírito Santo,SECONT-ES,State,ES,Gov finance & transparency,https://www.transparencia.es.gov.br/,mostly no public API (scrape/export),web query + export,"HTML, CSV, XLSX, PDF",department / transaction / employee,~2010s -> present,daily/frequent,"Gastos, receitas, pessoal, licitações, contratos, obras.",Open,None,Most lack programmatic API; export format varies by module.,Market-entry/Demographics,2026-06-25
Portal da Transparência - Goiás,Governo de Goiás,State,GO,Gov finance & transparency,https://transparencia.go.gov.br/,mostly no public API (scrape/export),web query + export,"HTML, CSV, XLSX, PDF",department / transaction / employee,~2010s -> present,daily/frequent,"Convênios, repasses, folha, órgãos, benefícios, execução.",CC 4.0,None,Most lack programmatic API; export format varies by module.,Market-entry/Demographics,2026-06-25
Portal da Transparência - Maranhão,Governo do Maranhão,State,MA,Gov finance & transparency,https://www.transparencia.ma.gov.br/,mostly no public API (scrape/export),web query + export,"HTML, CSV, XLSX, PDF",department / transaction / employee,~2010s -> present,daily/frequent,"Despesas, receitas, remuneração, transferências, contratos, licitações, obras. Linked dados.ma.gov.br.",Open,None,Most lack programmatic API; export format varies by module. Link check 2026-07-01: automated checker returned 403/timeout/fetch error; manual browser verification recommended before production use.,Market-entry/Demographics,2026-06-25
Portal da Transparência - Mato Grosso,Governo de Mato Grosso,State,MT,Gov finance & transparency,https://www.transparencia.mt.gov.br/,mostly no public API (scrape/export),web query + export,"HTML, CSV, XLSX, PDF",department / transaction / employee,~2010s -> present,daily/frequent,Execução orçamentária e financeira do estado.,Open,None,Most lack programmatic API; export format varies by module.,Market-entry/Demographics,2026-06-25
Portal da Transparência - Mato Grosso do Sul,Governo de MS,State,MS,Gov finance & transparency,https://www.transparencia.ms.gov.br/,mostly no public API (scrape/export),web query + export,"HTML, CSV, XLSX, PDF",department / transaction / employee,~2010s -> present,daily/frequent,"Consultas por data/fornecedor/órgão: receitas, despesas.",Open,None,Most lack programmatic API; export format varies by module.,Market-entry/Demographics,2026-06-25
Portal da Transparência - Minas Gerais,Governo de MG,State,MG,Gov finance & transparency,https://www.fazenda.mg.gov.br/transparencia/portal-da-transparencia/,mostly no public API (scrape/export),web query + export,"HTML, CSV, XLSX, PDF",department / transaction / employee,~2010s -> present,daily/frequent,"Compras, contratos, convênios, repasses, pessoal (LAI).",Open,None,Most lack programmatic API; export format varies by module.,Market-entry/Demographics,2026-06-25
Portal da Transparência - Pará,Governo do Pará,State,PA,Gov finance & transparency,https://www.sistemas.pa.gov.br/portaltransparencia,mostly no public API (scrape/export),web query + export,"HTML, CSV, XLSX, PDF",department / transaction / employee,~2010s -> present,daily/frequent,"Planejamento, gestão fiscal, servidor, receita, despesa.",Open,None,Most lack programmatic API; export format varies by module.,Market-entry/Demographics,2026-06-25
Portal da Transparência - Paraíba,Governo da Paraíba,State,PB,Gov finance & transparency,https://transparencia.pb.gov.br/,mostly no public API (scrape/export),web query + export,"HTML, CSV, XLSX, PDF",department / transaction / employee,~2010s -> present,daily/frequent,"Receitas, despesas, contratos, convênios, servidores (desde 2011).",CC BY 4.0,None,Most lack programmatic API; export format varies by module.,Market-entry/Demographics,2026-06-25
Portal da Transparência - Paraná,CGE-PR,State,PR,Gov finance & transparency,https://www.transparencia.pr.gov.br/,mostly no public API (scrape/export),web query + export,"HTML, CSV, XLSX, PDF",department / transaction / employee,~2010s -> present,daily/frequent,"Planejamento, execução, receitas, gastos, transferências a municípios, remuneração.",Open (Decreto 10.285/14),None,Most lack programmatic API; export format varies by module.,Market-entry/Demographics,2026-06-25
Portal da Transparência - Pernambuco,Governo de PE,State,PE,Gov finance & transparency,https://transparencia.pe.gov.br/,mostly no public API (scrape/export),web query + export,"HTML, CSV, XLSX, PDF",department / transaction / employee,~2010s -> present,daily/frequent,"RH, licitações, contratos, receita, despesa. Linked state open-data portal.",Open,None,Most lack programmatic API; export format varies by module.,Market-entry/Demographics,2026-06-25
Portal da Transparência - Piauí,Governo do PI,State,PI,Gov finance & transparency,https://transparencia.pi.gov.br/,mostly no public API (scrape/export),web query + export,"HTML, CSV, XLSX, PDF",department / transaction / employee,~2010s -> present,daily/frequent,"Servidores, despesas, receitas, licitações, contratos.",Open,None,Most lack programmatic API; export format varies by module.,Market-entry/Demographics,2026-06-25
Portal da Transparência - Rio de Janeiro,CGE-RJ,State,RJ,Gov finance & transparency,https://www.transparencia.rj.gov.br/,mostly no public API (scrape/export),web query + export,"HTML, CSV, XLSX, PDF",department / transaction / employee,~2010s -> present,daily/frequent,"Planejamento, orçamento, royalties do petróleo, receitas, despesas, servidores.",Open,None,Most lack programmatic API; export format varies by module.,Market-entry/Demographics,2026-06-25
Portal da Transparência - Rio Grande do Norte,Governo do RN,State,RN,Gov finance & transparency,https://www.transparencia.rn.gov.br/,mostly no public API (scrape/export),web query + export,"HTML, CSV, XLSX, PDF",department / transaction / employee,~2010s -> present,daily/frequent,"Orçamento, finanças, licitações, obras. New version at transparencia2.rn.gov.br.",Open,None,Most lack programmatic API; export format varies by module.,Market-entry/Demographics,2026-06-25
Portal da Transparência - Rio Grande do Sul,Governo do RS,State,RS,Gov finance & transparency,https://www.transparencia.rs.gov.br/,mostly no public API (scrape/export),web query + export,"HTML, CSV, XLSX, PDF",department / transaction / employee,~2010s -> present,daily/frequent,Plataforma Pilas R$: receitas/despesas em tempo real + pessoal.,Open,None,Most lack programmatic API; export format varies by module.,Market-entry/Demographics,2026-06-25
Portal da Transparência - Rondônia,Governo de RO,State,RO,Gov finance & transparency,https://transparencia.ro.gov.br/,mostly no public API (scrape/export),web query + export,"HTML, CSV, XLSX, PDF",department / transaction / employee,~2010s -> present,daily/frequent,"Receitas, despesas, fornecedores, pessoal, participação social.",Open,None,Most lack programmatic API; export format varies by module.,Market-entry/Demographics,2026-06-25
Portal da Transparência - Roraima,Governo de RR,State,RR,Gov finance & transparency,https://transparencia.rr.gov.br/,mostly no public API (scrape/export),web query + export,"HTML, CSV, XLSX, PDF",department / transaction / employee,~2010s -> present,daily/frequent,"Remunerações, contratos, patrimônio.",Open,None,Most lack programmatic API; export format varies by module.,Market-entry/Demographics,2026-06-25
Portal da Transparência - Santa Catarina,Governo de SC,State,SC,Gov finance & transparency,https://www.transparencia.sc.gov.br/,mostly no public API (scrape/export),web query + export,"HTML, CSV, XLSX, PDF",department / transaction / employee,~2010s -> present,daily/frequent,"Receitas, despesas, diárias, materiais/serviços em tempo real.",Open,None,Most lack programmatic API; export format varies by module.,Market-entry/Demographics,2026-06-25
Portal da Transparência - Sergipe,Governo de SE,State,SE,Gov finance & transparency,https://www.transparencia.se.gov.br/,mostly no public API (scrape/export),web query + export,"HTML, CSV, XLSX, PDF",department / transaction / employee,~2010s -> present,daily/frequent,"Execução financeira, receitas, despesas, licitações, contratos, RH.",Open,None,Most lack programmatic API; export format varies by module.,Market-entry/Demographics,2026-06-25
Portal da Transparência - São Paulo,CGE-SP,State,SP,Gov finance & transparency,https://www.transparencia.sp.gov.br/,mostly no public API (scrape/export),web query + export,"HTML, CSV, XLSX, PDF",department / transaction / employee,~2010s -> present,daily/frequent,"Compras, contratos, repasses, obras, pessoal, receitas, despesas.",Open (Decreto 63.463),None,Most lack programmatic API; export format varies by module.,Market-entry/Demographics,2026-06-25
Portal da Transparência - Tocantins,SEFAZ-TO,State,TO,Gov finance & transparency,https://portal.sefaz.to.gov.br/transparencia,mostly no public API (scrape/export),web query + export,"HTML, CSV, XLSX, PDF",department / transaction / employee,~2010s -> present,daily/frequent,"Execução financeira, servidores, convênios.",Open,None,Most lack programmatic API; export format varies by module.,Market-entry/Demographics,2026-06-25
Portal da Transparência - São Paulo (capital),Prefeitura São Paulo,Municipal,São Paulo / SP,Gov finance & transparency,https://transparencia.prefeitura.sp.gov.br/,mostly no public API,web query + export,"HTML, CSV, XML, XLSX, PDF",transaction / supplier / servant,~2012-2017 -> present,daily/frequent,"Receitas, despesas, orçamento, obras, GeoSampa, servidores. Pair with dados.prefeitura.sp.gov.br.",Open,None,Several use third-party vendors (e.g. portaltp) - fragile for scraping. Link check 2026-07-01: automated checker returned 403/timeout/fetch error; manual browser verification recommended before production use.,Local-SMB,2026-06-25
Portal da Transparência - Rio de Janeiro (Contas Rio),Prefeitura Rio de Janeiro,Municipal,Rio de Janeiro / RJ,Gov finance & transparency,https://contasrio.rio/,mostly no public API,web query + export,"HTML, CSV, XML, XLSX, PDF",transaction / supplier / servant,~2012-2017 -> present,daily/frequent,"Receita por fonte, folha, contratos por favorecido (CGM Rio).",Open,None,Several use third-party vendors (e.g. portaltp) - fragile for scraping. Link check 2026-07-01: automated checker returned 403/timeout/fetch error; manual browser verification recommended before production use.,Local-SMB,2026-06-25
Portal da Transparência - Recife,Prefeitura Recife,Municipal,Recife / PE,Gov finance & transparency,https://portaltransparencia.recife.pe.gov.br/,mostly no public API,web query + export,"HTML, CSV, XML, XLSX, PDF",transaction / supplier / servant,~2012-2017 -> present,daily/frequent,"RH, despesas, receitas, módulos setoriais (PCR).",Open,None,Several use third-party vendors (e.g. portaltp) - fragile for scraping. Link check 2026-07-01: automated checker returned 403/timeout/fetch error; manual browser verification recommended before production use.,Local-SMB,2026-06-25
Portal da Transparência - Porto Alegre,Prefeitura Porto Alegre,Municipal,Porto Alegre / RS,Gov finance & transparency,https://transparencia.portoalegre.rs.gov.br/,mostly no public API,web query + export,"HTML, CSV, XML, XLSX, PDF",transaction / supplier / servant,~2012-2017 -> present,daily/frequent,"Receita, despesas tempo real, folha, ISS, ITBI.",Open,None,Several use third-party vendors (e.g. portaltp) - fragile for scraping.,Local-SMB,2026-06-25
Portal da Transparência - Salvador,Prefeitura Salvador,Municipal,Salvador / BA,Gov finance & transparency,https://www.transparencia.salvador.ba.gov.br/,mostly no public API,web query + export,"HTML, CSV, XML, XLSX, PDF",transaction / supplier / servant,~2012-2017 -> present,daily/frequent,"Gastos, receitas, execução por secretaria.",Open,None,Several use third-party vendors (e.g. portaltp) - fragile for scraping.,Local-SMB,2026-06-25
Portal da Transparência - Vitória,Prefeitura Vitória,Municipal,Vitória / ES,Gov finance & transparency,https://cartadeservicos.vitoria.es.gov.br/areas/25-Transparencia/servicos/499-Portal-de-Transparencia/,mostly no public API,web query + export,"HTML, CSV, XML, XLSX, PDF",transaction / supplier / servant,~2012-2017 -> present,daily/frequent,"Despesas, receitas, contratos, salários, licitações. Open data via separate Dados Vitória API.",Open,None,Several use third-party vendors (e.g. portaltp) - fragile for scraping.,Local-SMB,2026-06-25
Portal da Transparência - Vitória da Conquista,Prefeitura Vitória da Conquista,Municipal,Vitória da Conquista / BA,Gov finance & transparency,https://vitoriadaconquista-ba.portaltp.com.br/,mostly no public API,web query + export,"HTML, CSV, XML, XLSX, PDF",transaction / supplier / servant,~2012-2017 -> present,daily/frequent,"Compras, receitas, despesas, pessoal, materiais, bens, PPA/LDO/LOA, contracts. PRIORITY lead-mapping city.",Open,None,Several use third-party vendors (e.g. portaltp) - fragile for scraping. Link check 2026-07-01: automated checker timed out; manual browser verification recommended before production use.,Local-SMB,2026-06-25
Portal da Transparência - Belém,Prefeitura Belém,Municipal,Belém / PA,Gov finance & transparency,https://portaltransparencia.belem.pa.gov.br/,mostly no public API,web query + export,"HTML, CSV, XML, XLSX, PDF",transaction / supplier / servant,~2012-2017 -> present,daily/frequent,"Convênios, licitações, receita, despesa, saúde, educação.",Open,None,Several use third-party vendors (e.g. portaltp) - fragile for scraping.,Local-SMB,2026-06-25
Portal da Transparência - Teresina,Prefeitura Teresina,Municipal,Teresina / PI,Gov finance & transparency,https://transparencia.teresina.pi.gov.br/,mostly no public API,web query + export,"HTML, CSV, XML, XLSX, PDF",transaction / supplier / servant,~2012-2017 -> present,daily/frequent,"Servidores, remuneração, receitas, despesas, contratos.",Open,None,Several use third-party vendors (e.g. portaltp) - fragile for scraping.,Local-SMB,2026-06-25
Portal da Transparência - Rio Branco,Prefeitura Rio Branco,Municipal,Rio Branco / AC,Gov finance & transparency,https://transparencia.riobranco.ac.gov.br/,mostly no public API,web query + export,"HTML, CSV, XML, XLSX, PDF",transaction / supplier / servant,~2012-2017 -> present,daily/frequent,"Obras, despesas, contratações, receitas, pessoal.",Open,None,Several use third-party vendors (e.g. portaltp) - fragile for scraping.,Local-SMB,2026-06-25
PNCP - Portal Nacional de Contratações Públicas,SEGES/MGI,Federal (all levels),-,Public procurement & contracts,https://pncp.gov.br/,https://pncp.gov.br/api/consulta/swagger-ui/index.html,API (REST) + bulk download,"JSON, CSV",contract / tender / item / entity (fed/state/muni),2021 -> present,real-time,"National registry of public bids, contracts, price records (atas), procurement plans across all government levels (Lei 14.133).",CC0 / open,None,Municipal adoption still ramping; older contracts in Comprasnet. Link check 2026-07-01: automated checker returned 403/timeout/fetch error; manual browser verification recommended before production use.,SME/fintech,2026-06-25
Compras.gov.br (Dados Abertos),SEGES/MGI,Federal,-,Public procurement,https://www.gov.br/compras/pt-br,http://compras.dados.gov.br/ (legacy API),API + CSV/JSON download,"JSON, XML, CSV",purchase / item / supplier,2012 -> present,daily,"Federal purchases: biddings, contracts, suppliers, catalog items/prices (CATMAT/CATSER), supplier base (SICAF).",Open,None,Legacy endpoints; migrating to PNCP. High-volume API throttled.,SME/fintech,2026-06-25
Painel de Preços,SEGES/MGI,Federal,-,Public procurement (price reference),https://paineldeprecos.planejamento.gov.br/,no API,web query,"HTML, export",item / UASG / purchase,-> 2025,DISCONTINUED,Historic reference prices in public purchases. NOTE: official source reported update interruption from Jul/2025 - use with caution.,Open,None,Discontinued for current benchmarking.,SME/fintech,2026-06-25
IBGE - API de Dados Agregados (SIDRA),IBGE,Federal,-,"Demographics, economy, agriculture, prices",https://sidra.ibge.gov.br/,https://servicodados.ibge.gov.br/api/docs/agregados?versao=3,API (REST v3) + web query builder + sidrapy/sidrar,"JSON, CSV, XLSX",Brasil/região/UF/município/setor censitário,varies; many multi-decade,per survey release,"All IBGE survey tables: Census, population, IPCA/INPC, PIB municipal, PAM/PPM (agro/livestock), PNAD, industry/retail/services. Multidimensional filtering.",CC BY 4.0,None,Need correct table (agregado) code; census-tract queries may be chunked.,Market-entry/Demographics,2026-06-25
"IBGE - APIs de Serviços (Localidades, Malhas, CNAE, Nomes)",IBGE,Federal,-,Geospatial / reference / classifications,https://servicodados.ibge.gov.br/api/docs/,https://servicodados.ibge.gov.br/api/docs/,API (REST),"JSON, GeoJSON/SHP (malhas)",country to municipality / parcel,current + historical,as revised,"Administrative divisions & codes, territorial mesh maps (multiple resolutions), CNAE classification, place names (BNGB), census first-names.",Open,None,-,General/Infra,2026-06-25
IBGE Cidades / Panorama,IBGE,Federal,-,Municipal profiles,https://cidades.ibge.gov.br/,feeds via SIDRA/servicodados,web + underlying APIs,"web, JSON",municipality,latest indicators,as released,"Per-municipality dashboards: population, area, GDP, education, health, territory in one profile.",Open,None,Presentation layer over SIDRA; use SIDRA/API for automation.,Market-entry/Demographics,2026-06-25
SEADE Repositório / Municípios / População SP,Fundação SEADE,State,SP,Demographics & census,https://repositorio.seade.gov.br/,CKAN/API (repositório); municipios.seade.gov.br panels,API + bulk download + panels,"CSV, XLSX, PDF",municipality (SP) / district,2000 -> 2026,annual/periodic,"SP population & projections, fertility/vital stats, employment, education, health, economy at fine geography. IPVS vulnerability index.",Open,None,SP-only; layouts vary by dataset.,Market-entry/Demographics,2026-06-25
IJSN - Instituto Jones dos Santos Neves,IJSN,State,ES,Demographics / socio-economic,https://ijsn.es.gov.br/,panels + datasets in Dados ES,web + panels + downloads,"HTML, XLSX, panels",state / municipality (ES),varies,periodic,"ES analytical center: receitas, dengue, violence, conjuntura, regional indicators. Some data in Dados ES portal.",Open,None,Split between own panels and Dados ES.,Market-entry/Demographics,2026-06-25
Fundação João Pinheiro - Estatísticas Públicas,FJP,State,MG,Macroeconomy / S&T,https://fjp.mg.gov.br/,no documented API,interactive web + bulk download,"XLSX, PDF, CSV",municipal / state (MG),1990 -> 2026,monthly/annual,"MG state & municipal GDP, sectoral value added, trade indicators, input-output matrices; R&D/patent/publication indexes.",Open / CC BY 4.0,None,Some stats rely on slow academic disclosure. Link check 2026-07-01: automated checker returned 403/timeout/fetch error; manual browser verification recommended before production use.,Market-entry/Demographics,2026-06-25
SEI Bahia - Superintendência de Estudos Econômicos e Sociais,SEI-BA,State,BA,Macroeconomy / statistics,https://www.ba.gov.br/sei/,no documented API,web + publications + panels,"HTML, reports, panels",state / municipality / território,varies,monthly/quarterly/annual,"Bahia statistical/economic output: conjuntura, PIB, mercado de trabalho, thematic publications.",Open,None,Easier via publications/panels than raw datasets.,Market-entry/Demographics,2026-06-25
IPARDES - BDEweb (Base de Dados do Estado),IPARDES,State,PR,Macroeconomy / indicators,https://www.ipardes.pr.gov.br/Pagina/Base-de-Dados-do-Estado,no documented API,web query + dynamic tables,"tables, indicators",municipality / mesoregion / state (PR),1997 -> present,periodic,"Physical, economic, social, financial & administrative indicators for all 399 PR municipalities; PIB, IDH, IPDM, emprego.",Open,None,"Consolidated indicators, not transactional data.",Market-entry/Demographics,2026-06-25
PDET - Microdados RAIS / CAGED / Novo CAGED,Min. Trabalho e Emprego,Federal,-,Formal labor market,https://www.gov.br/trabalho-e-emprego/pt-br/acesso-a-informacao/acoes-e-programas/programas-projetos-acoes-obras-e-atividades/estatisticas-trabalho/microdados-rais-e-caged,FTP: ftp://ftp.mtps.gov.br/pdet/microdados/,FTP bulk download (or Base dos Dados mirror),TXT/CSV/Parquet,employment bond / establishment (municipality),RAIS long; Novo CAGED 2020+,"annual (RAIS), monthly (Novo CAGED)","Non-identified microdata of every formal employment bond: hires/separations, wages, CNAE, occupation (CBO), tenure, demographics by municipality.",Open (non-identified),None,FTP not browser-supported (use FileZilla); identified data needs sigilo agreement. Caged-old vs Novo Caged methodology break.,SME/fintech,2026-06-25
BCB - SGS (Séries Temporais),Banco Central do Brasil,Federal,-,"Money, banking, macro-financial series",https://www3.bcb.gov.br/sgspub/,https://api.bcb.gov.br/dados/serie/bcdata.sgs.{codigo}/dados?formato=json,API (REST) + web,"JSON, CSV, XML",national time series,varies; some daily long history,daily/monthly,"~20k+ series: Selic, CDI, FX, IPCA, credit stock/rates, monetary aggregates, balance of payments, by numeric series code.",Open,None,Date range per call <=10y; need series codes.,SME/fintech,2026-06-25
BCB - Portal de Dados Abertos (Olinda),Banco Central do Brasil,Federal,-,"Banking, payments, financial system",https://dadosabertos.bcb.gov.br/,https://olinda.bcb.gov.br/olinda/servico/PTAX/versao/v1/documentacao,API (OData/REST),"JSON, XML, CSV, HTML",institution / aggregate / municipality,varies,varies,"PIX statistics (incl. municipal), Open Finance, IFData (bank balance sheets), means-of-payment, PTAX FX, institutions registry, Focus expectations, credit.",ODbL (many),None,Each service has own OData endpoint; check resource & license.,SME/fintech,2026-06-25
CVM - Dados Abertos,CVM,Federal,-,Capital markets / securities,https://dados.cvm.gov.br/,CKAN file repository,bulk download (CKAN),"CSV, TXT, ZIP",company / fund / filing,multi-year,daily/periodic,"Listed-company filings (ITR/DFP), investment funds daily quotas & portfolios, regulated entities, informes diários FI.",Open,None,Flat-file model; large files by theme directory.,SME/fintech,2026-06-25
B3 - Cotações Históricas / Market Data,B3 S.A.,Federal (private exchange),-,Stock/derivatives market,https://www.b3.com.br/pt_br/market-data-e-indices/servicos-de-dados/market-data/historico/,no public API documented,download (free EOD) + paid feeds,"historic files, CSV",instrument / EOD / tick,1986 -> present,daily/EOD,"End-of-day historical quotes (free), indices (Ibovespa); real-time/tick data is commercial.",B3 terms; real-time paid,Varies,Most granular & real-time data paywalled.,SME/fintech,2026-06-25
Receita Federal - CNPJ Dados Abertos,Receita Federal (RFB),Federal,-,Business registry,https://www.gov.br/receitafederal/pt-br/acesso-a-informacao/dados-abertos,https://www.gov.br/receitafederal/pt-br/acesso-a-informacao/dados-abertos,"bulk download (ZIP/CSV, ~37 files)",ZIP (CSV),every CNPJ (establishment) + partners,1960 -> present base,monthly,"Complete registry of all Brazilian companies: name, CNAE, address, status, partners (QSA), capital, Simples/MEI flags. ~60M+ establishments, 160M+ records.",Open (ODbL),None,20GB+; needs ETL/DB. No transactional API (use 3rd-party APIs). No graph API for beneficial ownership.,SME/fintech,2026-06-25
Receita Federal - Dados Abertos (geral),Receita Federal,Federal,-,Taxation / fiscal / registry,https://www.gov.br/receitafederal/pt-br/acesso-a-informacao/dados-abertos,file repository,download,"CSV, ZIP",varies,varies,periodic,"Beyond CNPJ: Simples Nacional/MEI lists, immune/exempt entities, customs data, tax-collection stats, CAFIR (rural properties).",Open,None,-,SME/fintech,2026-06-25
Mapa de Empresas,MEMP / gov.br,Federal,-,Business dynamics,https://www.gov.br/empresas-e-negocios/pt-br/mapa-de-empresas,no documented API,web query / panels,"HTML, panels",Brasil / UF / município,recent admin series,quarterly,"Panels on company openings, closures, stock, time-to-open, business environment dynamics.",Open,None,Analytical panel; for microdata use CNPJ/Juntas.,SME/fintech,2026-06-25
Juntas Comerciais (diretório DREI),DREI / MEMP,Federal,-,Company incorporation registry,https://www.gov.br/empresas-e-negocios/pt-br/drei/juntas-comerciais,institutional directory,web query,HTML,UF,current,irregular,National directory of state Juntas Comerciais (index to find the competent junta per UF).,Open,None,"Directory, not a registry DB; data fragmented across 27 juntas.",SME/fintech,2026-06-25
Junta Comercial - JUCESP,JUCESP,State,SP,Business & company registry,https://www.jucesp.sp.gov.br/,service portal; mostly no open API,web query + digital services,"HTML, CSV (varies)",company / act,current,continuous,"Company registrations, branches, nature/sector/location of new SP businesses.",Open (partial),None for basic consult,Service-oriented; partner detail often paid; not bulk-friendly.,SME/fintech,2026-06-25
Junta Comercial - JUCEAC,JUCEAC,State,AC,Business & company registry,https://juceac.ac.gov.br/,service portal; mostly no open API,web query + digital services,"HTML, CSV (varies)",company / act,current,continuous,Mercantile registry & Redesim integration in Acre.,Open (partial),None for basic consult,Service-oriented; partner detail often paid; not bulk-friendly.,SME/fintech,2026-06-25
Junta Comercial - JUCAP,JUCAP,State,AP,Business & company registry,https://jucap.ap.gov.br/,service portal; mostly no open API,web query + digital services,"HTML, CSV (varies)",company / act,current,continuous,Junta comercial services & process consultation in Amapá.,Open (partial),None for basic consult,Service-oriented; partner detail often paid; not bulk-friendly. Link check 2026-07-01: automated checker returned 403/timeout/fetch error; manual browser verification recommended before production use.,SME/fintech,2026-06-25
Junta Comercial - JUCEB,JUCEB,State,BA,Business & company registry,https://www.ba.gov.br/juceb/,service portal; mostly no open API,web query + digital services,"HTML, CSV (varies)",company / act,current,continuous,Business registry & digital services in Bahia.,Open (partial),None for basic consult,Service-oriented; partner detail often paid; not bulk-friendly.,SME/fintech,2026-06-25
Junta Comercial - JUCEMG,JUCEMG,State,MG,Business & company registry,https://jucemg.mg.gov.br/,service portal; mostly no open API,web query + digital services,"HTML, CSV (varies)",company / act,current,continuous,Company opening/alteration/registration of acts in MG.,Open (partial),None for basic consult,Service-oriented; partner detail often paid; not bulk-friendly.,SME/fintech,2026-06-25
Junta Comercial - JUCERJA,JUCERJA,State,RJ,Business & company registry,https://www.jucerja.rj.gov.br/,service portal; mostly no open API,web query + digital services,"HTML, CSV (varies)",company / act,current,continuous,"Web protocol, simplified certificate, registration of acts in RJ.",Open (partial),None for basic consult,Service-oriented; partner detail often paid; not bulk-friendly.,SME/fintech,2026-06-25
Comex Stat,MDIC / SECEX,Federal,-,Foreign trade,https://comexstat.mdic.gov.br/,https://api-comexstat.mdic.gov.br/docs,web query + API + bulk CSV,"CSV, JSON",NCM x country x UF x municipality (declarant) x mode,1997 -> present,monthly,"Official exports/imports: FOB value, net kg, quantity, by product (NCM/SH4), partner, state, municipality of declaring firm, transport, customs unit.",CC BY-ND 3.0,None,"Municipality = firm's fiscal domicile, not production origin; bulk CSVs too large for spreadsheets. Link check 2026-07-01: automated checker returned 403/timeout/fetch error; manual browser verification recommended before production use.",Agro/Land,2026-06-25
SEFAZ-PR - Receita Tributária,Secretaria da Fazenda do Paraná,State,PR,Taxation & fiscal,https://www.fazenda.pr.gov.br/,no documented API,bulk download,"CSV, XLSX",municipal / state,2019 -> present,monthly,"ICMS, IPVA, ITCMD collections, federal transfers, tax waivers by municipality (PR).",Open,None,Tax-label structural changes in 2024.,SME/fintech,2026-06-25
INCRA - Acervo Fundiário (SIGEF/SNCI geo),INCRA,Federal,-,Land cadastre (georeferenced),https://acervofundiario.incra.gov.br/,WMS/WFS (OGC) + SHP/KML export,WMS/WFS + SHP/KML download + i3Geo,"SHP, KML, WMS, WFS",rural parcel (georeferenced),"SIGEF 2013+, SNCI prior",continuous,"Certified rural property boundaries (public & private), agrarian-reform settlements, quilombola territories as GIS layers.",Open data policy,gov.br for some downloads,Servers unstable; some downloads now behind gov.br.,Agro/Land,2026-06-25
SIGEF - Sistema de Gestão Fundiária,INCRA,Federal,-,Land - georeferencing/certification,https://sigef.incra.gov.br/,manuals on site,web query + SHP export,"HTML, SHP, ODS, PDF",rural parcel / vertex,2013 -> present,continuous,"Georeferencing certification of rural properties, parcel coordinates/vertices, certification status.",Open consult,gov.br prata/ouro for full consult; cert for operation,"Focus on certification, not all cadastres.",Agro/Land,2026-06-25
SICAR / CAR - Cadastro Ambiental Rural,Serviço Florestal Brasileiro / MGI,Federal,-,Rural environmental registry,https://www.car.gov.br/,public consult + SHP per municipality/UF; Conecta API (gov-only OAuth),web consult + SHP download (+ Conecta API for gov),"SHP, web, JSON (API)",rural property polygon,2012 -> present,continuous/real-time,"Self-declared rural property boundaries, legal reserve, APP, land-use polygons (~6M+ properties). Query by CPF/CNPJ via Conecta (restricted).",Open (public consult); LGPD-restricted API,Programmatic API: OAuth gov-only,"Self-declared, overlaps common; raw bulk via download, not open API.",Agro/Land,2026-06-25
SNCR - Sistema Nacional de Cadastro Rural (API),INCRA (via Conecta/Serpro),Federal,-,Rural property registry,https://www.gov.br/conecta/catalogo/apis/sncr-sistema-nacional-de-cadastro-rural,Conecta catalog (Manual de Integração),API (Conecta) + Meu Imóvel Rural,"JSON, PDF (CCIR)",rural property,"current (v2.5, Jan 2026)",continuous,"Query rural property status, by code or owner CPF/CNPJ; download CCIR; titularity, fiscal modules, classification.",Restricted (gov integration),API keys + IP allowlist (Serpro),Built for institutional integration.,Agro/Land,2026-06-25
Meu Imóvel Rural,Gov. Federal (MGI/INCRA/SFB),Federal,-,Rural property (unified citizen view),https://www.gov.br/pt-br/servicos/consultar-dados-de-imoveis-rurais-na-plataforma-meu-imovel-rural,app + web,web/app (login),"PDF, map view",property (owner's own),current,continuous,"Unified view of a holder's properties across CAR+SNCR+SIGEF, georeferenced; download CCIR, CAR receipt.",Personal access,gov.br login,Only logged-in owner's own properties.,Agro/Land,2026-06-25
ONR - Registradores (cartórios de imóveis),Operador Nacional do Registro,Federal (notary network),-,Real estate registry (cartórios),https://www.registradores.onr.org.br/,web services (SAEC),web (paid per certidão) + integrations,"PDF, web",property matrícula,current,continuous,"Property registry certificates (matrícula), prior search, e-protocol across participating registry offices nationwide.",Paid per act; not open data,Registration + payment,Fees apply; coverage depends on cartório participation. Link check 2026-07-01: automated checker returned 403/timeout/fetch error; manual browser verification recommended before production use.,Agro/Land,2026-06-25
"MAPA - Dados Abertos (Agrofit, SIGSIF, etc.)",Min. Agricultura e Pecuária,Federal,-,Agriculture & livestock,https://dados.agricultura.gov.br/,https://dados.agricultura.gov.br/,download + web systems,"CSV, web",product / establishment / register,varies,varies,"Registered pesticides (Agrofit), federally inspected plants (SIGSIF/SISBI), agric. defense, seed/cultivar registries, zoning.",Open,None,Spread across many subsystems.,Agro/Land,2026-06-25
CONAB - Informações Agropecuárias,CONAB,Federal,-,Crops / harvests / stocks / prices,https://www.conab.gov.br/info-agro,download + panels,download + dashboards,"XLS, CSV, PDF",crop / state / region,long historical,monthly/seasonal,"Crop forecasts (safras), supply/stocks, minimum prices (PGPM), production costs, market price series.",Open,None,-,Agro/Land,2026-06-25
CEPEA/ESALQ-USP - Indicadores de Preços,CEPEA (USP),Federal (academic),-,Agribusiness price indicators,https://www.cepea.esalq.usp.br/br,web series download,web download,"XLS, web",commodity / regional,long,daily/weekly,"Benchmark daily price indicators (cattle, soy, corn, coffee, sugar) widely used in contracts.",Free historical; attribution,None,Not government; attribution required. Link check 2026-07-01: automated checker returned 403/timeout/fetch error; manual browser verification recommended before production use.,Agro/Land,2026-06-25
INPE - TerraBrasilis (PRODES/DETER),INPE,Federal,-,Deforestation / land cover,https://terrabrasilis.dpi.inpe.br/,downloads + OGC web services + dashboards,WMS/WFS + SHP/raster download,"SHP, GeoTIFF, WMS, WFS",polygon / biome / municipality,PRODES annual since 1988,"annual (PRODES), near-real-time (DETER)","Official deforestation polygons & rates (PRODES), near-real-time alerts (DETER), by biome & Legal Amazon. BiomasBR program.",Open,None,Attend to 'PRODES year' & per-program methodology.,Agro/Land,2026-06-25
INPE - Programa Queimadas / BDQueimadas,INPE,Federal,-,Fire / burned area,https://terrabrasilis.dpi.inpe.br/queimadas/bdqueimadas/,portal services,web query + download,"tables, layers, series",fire focus / burned area,broad history,~10 min (some products),"Active fire foci & burned-area products for Brazil & Latin America, spatial & temporal series.",Open,None,Satellite focus != confirmed surface fire.,Agro/Land,2026-06-25
MapBiomas,MapBiomas (NGO),Federal,-,Land use & land cover / fire / water,https://brasil.mapbiomas.org/downloads/,Google Earth Engine + downloads + toolkit,GEE + map platform + raster download,"GeoTIFF, GEE assets",30m pixel / municipality / biome,1985 -> 2024,annual collections,"Annual land-cover/use maps (1985+), deforestation & regeneration, fire scars, water surface, mining, by pixel/municipality/biome.",CC BY-SA,None (GEE needs Google acct),Classification not ground truth; NGO (not official).,Agro/Land,2026-06-25
ANA - SNIRH / HidroWeb,Agência Nacional de Águas,Federal,-,Water resources / hydrology,https://www.snirh.gov.br/hidroweb/,HidroWeb + web services + metadata,web download + services,"CSV, ZIP",hydrological station / basin,long,continuous,"River flow/level, rainfall, water quality, reservoir levels, water-use grants, by station & basin.",Open,Free registration (some flows),Station data needs consistency treatment.,Agro/Land,2026-06-25
INMET - BDMEP,INMET,Federal,-,Weather / climate,https://bdmep.inmet.gov.br/,portal + station API,web download + station API,CSV,weather station (point),long (decades),hourly/daily,"Historical & automatic weather-station data: temperature, rainfall, humidity, wind, pressure; forecasts/warnings.",Open,Free registration (BDMEP),Station metadata/standardization to check.,Agro/Land,2026-06-25
"IBAMA - Dados Abertos (embargos, autuações)",IBAMA,Federal,-,Environmental enforcement,https://dadosabertos.ibama.gov.br/,CKAN,download + map,"CSV, SHP",embargoed area / infraction,multi-year,continuous,"Embargoed areas, fines/infractions, deforestation authorizations; cross-referencable with CAR/SIGEF.",Open,None,-,Agro/Land,2026-06-25
GeoSGB - Serviço Geológico do Brasil,SGB/CPRM,Federal,-,Geospatial / geology,https://geosgb.sgb.gov.br/,downloads + GIS services,web query + download + GIS,"GIS layers, downloads, maps",geological layer / municipality / basin,varies,irregular,"Geology, hydrogeology, geophysics, geotechnics, risk/disaster maps in official geospatial environment.",Open,None,Multiple bases with distinct scales/coverage.,Agro/Land,2026-06-25
INDE - Infraestrutura Nacional de Dados Espaciais,CONCAR / many producers,Federal (all levels),-,Geospatial catalog,https://www.inde.gov.br/,Visualizador + CSW/WMS/WFS,geoservices (OGC) + catalog,"WMS, WFS, SHP, GeoJSON",varies,varies,varies,"Federated catalog of official geospatial layers from dozens of producers (IBGE, INCRA, ANA, ICMBio); discovery + OGC services.",Open,None,Metadata quality varies.,General/Infra,2026-06-25
IBGE - Downloads Geociências / Malhas / Geodésico,IBGE,Federal,-,Geospatial / base cartography,https://www.ibge.gov.br/geociencias/downloads-geociencias.html,no single API,bulk download,"ZIP, SHP, GPKG, PDF",national to census tract; grids,varies,irregular/annual,"Geology, relief, biomes, cartography, territorial meshes (UF/município/setor), geodesic network — base layers for geocoding & maps.",Open,None,Watch boundary changes for temporal comparability.,General/Infra,2026-06-25
Geoportal IDE Bahia,Governo da Bahia,State,BA,Geospatial / base cartography,https://geoportal.ide.ba.gov.br/,catalog/metadata + geoservices,web query + OGC services,"HTML, metadata, services",geographic layer,varies,irregular,Official Bahia spatial-data infrastructure catalog; metadata search for state geospatial layers.,Open,None,Catalog/service; extraction depends on associated service.,Market-entry/Demographics,2026-06-25
GeoSampa,Prefeitura de São Paulo,Municipal,São Paulo / SP,Geospatial / base cartography,https://geosampa.prefeitura.sp.gov.br/,WMS/WFS services,WMS/WFS + bulk download,"SHP, GeoJSON, KML, DXF",lot / block / district,2014 -> present,real-time/daily,"Full municipal GIS: cadastral lots, zoning, IPTU value zones, street network, transport, geology, environment layers.",CC BY 4.0,None,- Link check 2026-07-01: automated checker returned 403/timeout/fetch error; manual browser verification recommended before production use.,Local-SMB,2026-06-25
BHMap Geoserver,Prefeitura de Belo Horizonte,Municipal,Belo Horizonte / MG,Geospatial / base cartography,https://bhmap.pbh.gov.br/,WMS/WFS,WMS/WFS,"SHP, GML",block / segment,2010 -> present,irregular,"BH spatial layers: zoning boundaries, hydrography, transport nodes, hazard mapping.",Open,None,Best via QGIS/ArcGIS for full vectors.,Local-SMB,2026-06-25
Geoweb Vitória,Prefeitura de Vitória,Municipal,Vitória / ES,Geospatial / base cartography,https://geoweb.vitoria.es.gov.br/,geoweb services,web query + maps,"maps, layers",layer / lot / equipment,current,periodic,"Apps, panels, maps & geographic data for managing the ES capital.",Open,None,Not all layers directly downloadable from home.,Local-SMB,2026-06-25
DATASUS - TabNet,Min. Saúde / DATASUS,Federal,-,Health statistics,https://datasus.saude.gov.br/informacoes-de-saude-tabnet/,TabNet + FTP microdados; PySUS,web tabulation + FTP microdata,"DBC/DBF, CSV",municipality / establishment / individual record,long (SIM since 1979),periodic,"Mortality (SIM), births (SINASC), notifiable diseases (SINAN), hospital/ambulatory production (SIH/SIA), immunization, by municipality.",Open,None,Legacy DBC format; TabNet UI dated; PySUS eases access.,Healthcare,2026-06-25
DATASUS - Transferência de Arquivos,DATASUS,Federal,-,Health (raw microdata),https://datasus.saude.gov.br/transferencia-de-arquivos/,FTP listing on portal,bulk download (FTP),"DBC/DBF/TXT, ZIP",system / establishment / event,varies by system,monthly/irregular,"Raw historical files for SIM, SINASC, SIH, CNES etc. for robust ETL.",Open,None,Legacy formats need conversion.,Healthcare,2026-06-25
DATASUS - FTP S3 Mirror (community),Community (e.g. Fiocruz/microdatasus),Federal,-,Health (fast mirror),various S3 mirrors (e.g. via microdatasus R pkg),R microdatasus / PySUS,S3 sync + bulk download,"DBC, CSV",hospital / patient / individual,1990 -> present,daily,High-speed mirror of SIM/SINASC/SIH/CNES with parallel sync & transaction logs.,Public domain,None,Community-maintained (not official); needs DBC parsers.,Healthcare,2026-06-25
CNES - Estabelecimentos de Saúde,Min. Saúde / DATASUS,Federal,-,Health facilities registry,https://cnes.datasus.gov.br/,web + FTP + API dados abertos,web query + download + API,"CSV, DBF, JSON",establishment / professional / equipment,2005 -> present,monthly,"Every health facility (public & private): type, beds, equipment, services, professionals, location. Core for healthcare-enablement mapping.",Open,None,Name/unit normalization needed; known cadastral inconsistencies.,Healthcare,2026-06-25
DATASUS - API Dados Abertos,Min. Saúde,Federal,-,Health (modern API),https://apidadosabertos.saude.gov.br/,Swagger on portal,API (REST),JSON,varies,varies,varies,"Modern REST endpoints over selected health datasets (CNES, professionals, some epidemiology) without TabNet.",Open,None,Coverage narrower than full DATASUS.,Healthcare,2026-06-25
ANS - Dados Abertos (saúde suplementar),ANS,Federal,-,Private health insurance,https://www.gov.br/ans/pt-br/acesso-a-informacao/perfil-do-setor/dados-abertos-1,CKAN + FTP,download (CKAN/FTP),"CSV, ZIP",operator / plan / beneficiary aggregate,multi-year,monthly/quarterly,"Health-plan operators registry & financials, beneficiary counts by operator/municipality/plan, TISS, complaints.",Open,None,Personal microdata not public.,Healthcare,2026-06-25
ANVISA - Dados Abertos,ANVISA,Federal,-,Health surveillance / products,https://dados.anvisa.gov.br/,CKAN + some APIs,download + API,"CSV, JSON",product / registration / event,varies,varies,"Registered medicines/cosmetics/food, drug prices (CMED), adverse events, establishment authorizations, imports.",Open,None,- Link check 2026-07-01: automated checker returned 403/timeout/fetch error; manual browser verification recommended before production use.,Healthcare,2026-06-25
INEP - Microdados (hub),INEP,Federal,-,Education,https://www.gov.br/inep/pt-br/acesso-a-informacao/dados-abertos/microdados,portal listing + dictionaries,bulk download,"ZIP, CSV, dictionaries",student / school / course / IES,varies,annual,"Hub for all INEP microdata: Censo Escolar, ENEM, Higher-Ed Census, SAEB, plus dictionaries & questionnaires.",Open (ODbL); LGPD,None,Anonymization limits some individual cross-joins; large files.,Market-entry/Demographics,2026-06-25
INEP - Censo Escolar (microdados),INEP,Federal,-,Education,https://www.gov.br/inep/pt-br/acesso-a-informacao/dados-abertos/microdados/censo-escolar,portal listing,bulk download,"ZIP, CSV, dictionaries",school / class / teacher / pupil,1995/1997 -> 2025,annual,"Enrollments, schools, classes, teachers, basic-ed infrastructure indicators by school/municipality.",Open; LGPD,None,Variables change over time; check annual layouts.,Market-entry/Demographics,2026-06-25
INEP - ENEM / Censo Ed. Superior / IDEB,INEP,Federal,-,Education,https://www.gov.br/inep/pt-br/acesso-a-informacao/dados-abertos/microdados,portal listings,bulk download + web,"ZIP, CSV, HTML",inscrito / IES / course / municipality / school,ENEM & Sup.Ed annual; IDEB 2005 -> 2023,annual/biannual,"ENEM scores/items/questionnaires; Higher-Ed Census (IES, courses, faculty, vacancies); IDEB results & targets by network/municipality.",Open; LGPD,None,Recent ENEM simplified for data protection.,Market-entry/Demographics,2026-06-25
CAPES - Dados Abertos / Catálogo de Teses,CAPES,Federal,-,Higher education / research,https://dadosabertos.capes.gov.br/dataset/,CKAN API + Catálogo de Teses,download + web catalog + CKAN API,"CSV, XLSX, PDF",program / thesis / scholarship,varies; some 2022 -> 2025,annual/irregular,"Grad-program evaluation, theses/dissertations catalog, scholarships, production, by program/institution/area.",CC BY (most),None,Very heterogeneous across datasets. Link check 2026-07-01: automated checker returned 403/timeout/fetch error; manual browser verification recommended before production use.,General/Infra,2026-06-25
CNJ - DataJud (API Pública),CNJ,Federal (all courts),-,Judiciary / case data,https://www.cnj.jus.br/sistemas/datajud/,https://datajud-wiki.cnj.jus.br/api-publica/ ; api-publica.datajud.cnj.jus.br,API (Elasticsearch-style POST),JSON,case (metadata) / movement,varies by court,continuous,"Public metadata for judicial cases nationwide: class, subject, court, movements (excludes sealed cases & party personal data).",Open (Resol. 331/2020); LGPD,Public API key (published),Per-tribunal endpoints; metadata only; bulk raw-event consumption limited.,SME/fintech,2026-06-25
CNJ - Justiça em Números,CNJ,Federal,-,Judiciary statistics,https://justica-em-numeros.cnj.jus.br/painel-estatisticas/,panels + reports,dashboards + report download,"PDF, web, some CSV",court / segment,annual,annual,"Aggregate judiciary performance: caseload, clearance, costs, productivity, by court/segment.",Open,None,Aggregate; for case-level use DataJud.,General/Infra,2026-06-25
STF - Jurisprudência / Corte Aberta,STF,Federal,-,Judiciary / legal,https://portal.stf.jus.br/jurisprudencia/ ; https://portal.stf.jus.br/hotsites/corteaberta/,panels (Corte Aberta),web query + panels,"HTML, BI",case / acórdão / decision / súmula,broad history,continuous,"Search of STF acórdãos, decisions, súmulas, full text; Corte Aberta panels on distribution/decisions/repercussão geral.",Open,None,Research-oriented; not bulk structured download. Link check 2026-07-01: automated checker returned 403/timeout/fetch error; manual browser verification recommended before production use.,General/Infra,2026-06-25
STJ - Portal de Dados Abertos,STJ,Federal,-,Judiciary / legal,https://dadosabertos.web.stj.jus.br/,CKAN API,web query + API + bulk download,"CSV, GZ, HTML",case / acórdão / decision / movement,current; varies,daily/irregular,"Cases in progress, full texts & metadata of terminative decisions/acórdãos, plus jurisdictional & administrative datasets.",Open,None,Check per-dataset docs; not all full history.,General/Infra,2026-06-25
LexML / Planalto - Legislação,Senado/Câmara/Planalto,Federal,-,Laws & norms,https://www.lexml.gov.br/,LexML SRU API; planalto.gov.br,API + web,"XML, web",norm / document,historical,continuous,"Federal (and some state) laws, decrees, normative acts with metadata & full text; LexML structured search.",Open,None,-,General/Infra,2026-06-25
TSE - Portal de Dados Abertos,TSE,Federal,-,Elections,https://dadosabertos.tse.jus.br/,CKAN datastore_search API,CKAN API + bulk download,"CSV, ZIP, JSON",candidate / vote (polling section) / donor,many cycles (1933+ in repos),per election,"Candidates & results to polling section, campaign finance (donations/expenses), electorate by municipality/zone, ballot-box logs.",CC BY (many),None,Large per-election files; migrated from old RDE in 2022.,Market-entry/Demographics,2026-06-25
Câmara dos Deputados - Dados Abertos (API),Câmara dos Deputados,Federal,-,Legislative,https://dadosabertos.camara.leg.br/,https://dadosabertos.camara.leg.br/swagger/api.html,API (REST),"JSON, XML",deputy / proposition / vote / expense,long,continuous,"Deputies, bills, votes, committees, speeches, parliamentary expense quota (cota) spending.",Open,None,-,General/Infra,2026-06-25
Senado Federal - Dados Abertos (API),Senado Federal,Federal,-,Legislative,https://www12.senado.leg.br/dados-abertos,legis.senado.leg.br/dadosabertos,API (REST),"JSON, XML",senator / matter / vote,long,continuous,"Senators, legislative matters, votings, committees, plus Siga Brasil budget link.",Open,None,-,General/Infra,2026-06-25
MDS - VIS DATA 3 / Cadastro Único / Bolsa Família,MDS / SAGICAD,Federal,-,Social programs & welfare,https://aplicacoes.cidadania.gov.br/vis/data3/data-explorer.php,panels + downloads + API; CadÚnico API,dashboards + download + API,"CSV, JSON",municipality (aggregate); payments individual via Transparência,2013/2020 -> present,monthly,"Cadastro Único coverage, Bolsa Família/BPC/Auxílio beneficiaries & values by municipality, SUAS network, poverty indicators.",Open (aggregate); LGPD for individual,None for aggregate; token for some APIs,Individual-level CadÚnico protected; only aggregates open.,Market-entry/Demographics,2026-06-25
MDS - Observatório do Cadastro Único,MDS,Federal,-,Social programs & welfare,https://paineis.mds.gov.br/public/extensions/observatorio-do-cadastro-unico/index.html,https://wiki-sagi.mds.gov.br/en/home/F/OBCAD,web panel,"HTML, panels",family & territory aggregated,current,periodic,Panel for CadÚnico information management and IVCAD.,Open,None,Aggregate; identified extraction needs authorization.,Market-entry/Demographics,2026-06-25
ANEEL - Dados Abertos,ANEEL,Federal,-,Electricity,https://dadosabertos.aneel.gov.br/,CKAN + APIs,download + API,"CSV, XML, JSON, KMZ, SHP",installation / distributor / asset / tariff,2000 -> present,daily/monthly/annual,"Generation plants, distributed generation (micro/mini), tariffs, distributors, consumption by class/region, SIGEL grid, ombudsman.",ODbL / CC BY 4.0,None,Excellent but spread across many specialized datasets; SIGEL layers occasionally offline.,SME/fintech,2026-06-25
ANP - Dados Abertos / CDP,ANP,Federal,-,"Oil, gas & fuels",https://www.gov.br/anp/pt-br/centrais-de-conteudo/dados-abertos,thematic portal + CDP (Consulta de Dados Públicos),web query + download,"CSV, XLS, metadata",station / municipality / well / field,1997 -> present,weekly/monthly,"Weekly fuel-price survey by station/municipality, oil & gas production by field, reserves, derivatives sales, biofuels, E&P, incidents.",Open,None,New CDP portal (replacing legacy CPL) uses dynamic session tags; catalog spread across themes.,Agro/Land,2026-06-25
EPE - Webmap / Balanço Energético; ONS,EPE / ONS,Federal,-,Energy planning / grid,https://www.epe.gov.br/pt/publicacoes-dados-abertos ; https://dados.ons.org.br/,ONS CKAN; EPE webmap,download + dashboards + GIS,"CSV, XLS, vector/raster",national / subsystem / line / plant,long,varies/irregular,"National Energy Balance (BEN), generation/load by subsystem, reservoir levels, transmission (ONS), planning geodata (EPE).",Open,None,-,SME/fintech,2026-06-25
ANAC - Dados Abertos / DataSearch,ANAC,Federal,-,Air transport,https://www.gov.br/anac/pt-br/acesso-a-informacao/dados-abertos ; https://datasearch.anac.gov.br/,DataSearch portal,web query + download,"CSV, JSON, XLS",flight / segment / airport / aircraft,2000 -> present,monthly,"Air traffic by airport/route, actual flight paths (VRA), on-time performance, tariffs, dynamic ticket pricing, registered aircraft, market share.",CC BY-ND 3.0,None,Some catalog needs thematic navigation; DSL query engine can be slow.,SME/fintech,2026-06-25
ANTT - Dados Abertos / Monitriip,ANTT,Federal,-,Road / rail transport,https://dados.antt.gov.br/,CKAN/API,web query + API + bulk download,"CSV, JSON, ZIP, PDF",carrier / road / route / vehicle / trip,varies; many 2015-2024,monthly/irregular,"Road freight (RNTRC)/passenger, toll & traffic, intercity bus telemetry & ticket sales (Monitriip), rail cargo, concessions, enforcement.",Open,None,Some datasets discontinued; check validity; Monitriip files are heavy.,SME/fintech,2026-06-25
ANTAQ - Estatístico Aquaviário,ANTAQ,Federal,-,Waterway / port transport,https://web.antaq.gov.br/anuario/,Qlik panels; anuário,panel web + download,"Qlik/panel, XLS",port / installation / cargo / vessel,long operational series,periodic,"Port throughput & waterway statistics, anuário panels.",Open,None,Web/panel fragile; automation may need scraping. Link check 2026-07-01: automated checker returned 403/timeout/fetch error; manual browser verification recommended before production use.,SME/fintech,2026-06-25
DNIT - Condição de Rodovias (ICM),DNIT,Federal,-,Road infrastructure,https://servicos.dnit.gov.br/,downloads,bulk download,"CSV, PDF",road segment (KM),2022 -> present (ICM),irregular,"Federal road network & condition: maintenance index (ICM), surface roughness (IRI), paving projects.",Public domain,None,Spatial coords occasionally misaligned with regional cartography.,Agro/Land,2026-06-25
ANATEL - Dados Abertos / Mosaico,ANATEL,Federal,-,Telecom & connectivity,https://www.gov.br/anatel/pt-br/dados,https://www.gov.br/anatel/pt-br/dados/dados-abertos ; Mosaico,download + panels + web query,"CSV, JSON",municipality / station / operator / service,2005 -> present,monthly,"Broadband/mobile access by municipality & technology, coverage, spectrum stations, complaints, operator market share.",CC BY-ND 3.0,None,"Offer dispersed across 'Dados', 'Painéis' & 'Dados Abertos'.",SME/fintech,2026-06-25
INPI - Dados Abertos / Busca (pePI),INPI,Federal,-,Intellectual property,https://www.gov.br/inpi/pt-br/acesso-a-informacao/dados-abertos ; https://busca.inpi.gov.br/pePI/,open data + pePI search,web search + download,"CSV, panels, HTML",filing / applicant,long; RPI weekly,weekly (RPI)/irregular,"Patents, trademarks, industrial designs, software registrations; filing stats; per-record search via pePI.",Open,None for anonymous search,Bulk open data limited & expanding; coverage caveats on older acervo.,SME/fintech,2026-06-25
CNPq - Painel Lattes / Plataforma Lattes,CNPq,Federal,-,Research / S&T human capital,https://lattes.cnpq.br/ ; http://estatico.cnpq.br/painelLattes/,panels + curriculum XML,web + curriculum XML,"XML, web",researcher / institution,current,continuous,"Researcher CVs (Lattes), aggregate panels by area/region/institution; research groups directory.",Open (public CVs),None,No clean bulk API; scraping constraints.,General/Infra,2026-06-25
MJSP - SINESP / Estatísticas de Segurança Pública,MJSP / SENASP,Federal,-,Public security & crime,https://dados.mj.gov.br/dataset/sistema-nacional-de-estatisticas-de-seguranca-publica,dados.mj.gov.br catalog,download,CSV,UF / municipality (aggregate) / crime type,multi-year,monthly/annual,"Homicides, robberies, vehicle theft, gender violence, weapons seizures, prison population, by state/municipality.",Open,None,State reporting heterogeneity; comparability depends on standardization.,Market-entry/Demographics,2026-06-25
SSP-SP - Estatísticas de Criminalidade,SSP-SP,State,SP,Public security & crime,https://www.ssp.sp.gov.br/estatistica/,no API,web query + download,"HTML, XLSX",police precinct / municipality,2001 -> present,monthly,"Monthly crimes against life/property, sexual violence, drug infractions, police productivity (SP).",Open,None,No API; historical data split across pages.,Market-entry/Demographics,2026-06-25
Fórum Brasileiro de Segurança Pública - Anuário,FBSP (NGO),Federal,-,Public security,https://forumseguranca.org.br/,reports + datasets,download,"XLS, PDF",state / municipality,annual,annual,"Consolidated crime/violence statistics (Anuário), often filling official gaps.",Open w/ attribution,None,"NGO compilation, not official.",Market-entry/Demographics,2026-06-25
Ministério do Turismo - Estatísticas e Indicadores,Min. Turismo,Federal,-,Tourism,https://www.gov.br/turismo/pt-br/acesso-a-informacao/acoes-e-programas/observatorio/estatisticas-e-indicadores,no documented API,web panels,"HTML, panels",Brasil / UF / tourist flows,varies,periodic,"Arrivals, tourism FX revenue/expense, financing, indicators for Brazil & abroad.",Open,None,Aggregates panels/sources; not all downloadable microdata.,Market-entry/Demographics,2026-06-25
Ministério da Cultura - Painel PNAB (Aldir Blanc),Min. Cultura,Federal,-,Culture,https://www.gov.br/cultura/pt-br/assuntos/politica-nacional-aldir-blanc/painel-de-dados,no documented API,web panel,HTML,state / municipality / execution,recent cycle,periodic,Territorial execution of the Aldir Blanc cultural policy: repasses & monitoring.,Open,None,Program-specific; not a general culture catalog.,Market-entry/Demographics,2026-06-25
Dados Abertos SP,Governo de SP,State,SP,Multi-domain (open data),https://dadosabertos.sp.gov.br/,CKAN/API (most),web query + API + bulk download,"CSV, JSON, SHP (varies)",varies,varies,varies,"Unified SP state portal (Seade + secretariats); economy, health, education, security, transport.",Open,None,Coverage/maturity varies by publishing org.,Market-entry/Demographics,2026-06-25
Portal de Dados Abertos da Bahia,Governo da Bahia,State,BA,Multi-domain (open data),https://dados.ba.gov.br/,CKAN/API (most),web query + API + bulk download,"CSV, JSON, SHP (varies)",varies,varies,varies,"State CKAN: finance, procurement, convênios; pair with SEI & IDE Bahia.",Open,None,Coverage/maturity varies by publishing org. Link check 2026-07-01: automated checker returned 403/timeout/fetch error; manual browser verification recommended before production use.,Market-entry/Demographics,2026-06-25
Dados ES,Governo do Espírito Santo,State,ES,Multi-domain (open data),https://dados.es.gov.br/,CKAN/API (most),web query + API + bulk download,"CSV, JSON, SHP (varies)",varies,varies,varies,"State CKAN/API: social, economic, administrative datasets; IJSN feeds.",Open,None,Coverage/maturity varies by publishing org.,Market-entry/Demographics,2026-06-25
Dados Abertos do Paraná,Governo do Paraná / IPARDES,State,PR,Multi-domain (open data),https://www.dados.pr.gov.br/,CKAN/API (most),web query + API + bulk download,"CSV, JSON, SHP (varies)",varies,varies,varies,"State portal backed by BDEweb: PIB, IDH, IPDM, population, emprego, agro, finance.",Open,None,Coverage/maturity varies by publishing org.,Market-entry/Demographics,2026-06-25
Dados RS,Governo do Rio Grande do Sul,State,RS,Multi-domain (open data),https://dados.rs.gov.br/,CKAN/API (most),web query + API + bulk download,"CSV, JSON, SHP (varies)",varies,varies,varies,State open-data portal for social reuse; quality varies by org.,Open,None,Coverage/maturity varies by publishing org.,Market-entry/Demographics,2026-06-25
Dados Abertos da Prefeitura de São Paulo,Prefeitura de SP / CGM,Municipal,São Paulo / SP,Multi-domain (open data),https://dados.prefeitura.sp.gov.br/,CKAN/API (most),web query + API + bulk download,"CSV, JSON, SHP (varies)",varies,varies,varies,"PMSP CKAN: mobility, education, health, inspections, urbanism, finance.",Open,None,Coverage/maturity varies by publishing org.,Local-SMB,2026-06-25
DATA.RIO / Datalake Rio,Prefeitura do Rio / IPP,Municipal,Rio de Janeiro / RJ,Multi-domain (open data),https://www.data.rio/,CKAN/API (most),web query + API + bulk download,"CSV, JSON, SHP (varies)",varies,varies,varies,City urban/geo/social/operational data; municipal datalake integration.,Open,None,Coverage/maturity varies by publishing org.,Local-SMB,2026-06-25
Dados Abertos do Recife,Prefeitura do Recife,Municipal,Recife / PE,Multi-domain (open data),https://dados.recife.pe.gov.br/,CKAN/API (most),web query + API + bulk download,"CSV, JSON, SHP (varies)",varies,varies,varies,"CKAN: health, education, environment, CTTU traffic, licenses, LAI requests.",Open,None,Coverage/maturity varies by publishing org.,Local-SMB,2026-06-25
Dados Abertos da PBH,Prefeitura de Belo Horizonte,Municipal,Belo Horizonte / MG,Multi-domain (open data),https://dados.pbh.gov.br/,CKAN/API (most),web query + API + bulk download,"CSV, JSON, SHP (varies)",varies,varies,varies,CKAN: wide variety of urban & administrative datasets.,Open,None,Coverage/maturity varies by publishing org.,Local-SMB,2026-06-25
Fortaleza Dados Abertos,Prefeitura de Fortaleza,Municipal,Fortaleza / CE,Multi-domain (open data),https://dados.fortaleza.ce.gov.br/,CKAN/API (most),web query + API + bulk download,"CSV, JSON, SHP (varies)",varies,varies,varies,"CKAN: hundreds of datasets - health, mobility, education, traffic, management.",Open,None,Coverage/maturity varies by publishing org.,Local-SMB,2026-06-25
Dados Abertos Curitiba,Prefeitura de Curitiba,Municipal,Curitiba / PR,Multi-domain (open data),https://dadosabertos.curitiba.pr.gov.br/,CKAN/API (most),web query + API + bulk download,"CSV, JSON, SHP (varies)",varies,varies,varies,"156 requests, e-Saúde, alvarás, economy, transport, municipal policies.",Open,None,Coverage/maturity varies by publishing org. Link check 2026-07-01: automated checker returned 403/timeout/fetch error; manual browser verification recommended before production use.,Local-SMB,2026-06-25
Dados Abertos Porto Alegre,Prefeitura de Porto Alegre,Municipal,Porto Alegre / RS,Multi-domain (open data),https://dadosabertos.poa.br/,CKAN/API (most),web query + API + bulk download,"CSV, JSON, SHP (varies)",varies,varies,varies,Open-government datasets on the city & administration.,Open,None,Coverage/maturity varies by publishing org.,Local-SMB,2026-06-25
Dados Abertos PMV (Vitória),Prefeitura de Vitória,Municipal,Vitória / ES,Multi-domain (open data),https://www.vitoria.es.gov.br/prefeitura/dados-abertos,https://www.vitoria.es.gov.br/prefeitura/dados-abertos,web query + API + bulk download,"CSV, JSON, SHP (varies)",varies,varies,varies,Municipal open-data API (JSON) with docs; pair with Geoweb & transparência.,Open,None,Coverage/maturity varies by publishing org.,Local-SMB,2026-06-25
